part_code, qty, currency, unit_price_foreign,,
CYL-60-18380,5,USD,103.71,12,
CYL-60-18320,5,USD,400.72,12,
CYL-60-18420,10,USD,25.52,12,
CYL-60-18250,12,EUR,1134.59,12,
CYL-60-18310,12,JPY,0.93,12,
CYL-60-18190,30,USD,1997.66,12,
CYL-60-18180,30,JPY,1073.66,12,
P2P-21-8000,-2,USD,79.02,11,F
PMP-31-3060,12,EUR,608.2,11,
SLK-31-2040,12,JPY,993.39,11,
HYD-K2-1100,2,HKD,5.19,11,
HYD-K1-1100,2,USD,47.31,11,
ABC-71-5710,6,USD,254.75,11,F
HYD-9-61-1470,3,EUR,248.8,13,F
HYD-81-8750,0,JPY,64.23,11,F
XYZ-21-3121,3,USD,285.49,11,F
6162-13-1150,30,JPY,1202.86,12,F
ND949044-3320,30,USD,2348.26,13,F
HYD-21-2240,12,INR,780.2,11,F
HYD-21-2270,12,EUR,1105.19,11,
PMP-21-8050,2,USD,185.23,11,