part_code,qty,currency,unit_price_foreign
SLK-1000,14,JPY,322.95
HYD-1001,17,EUR,54.04
SLK-1002,14,AUD,506.14
SLK-1003,15,HKD,840.47
HYD-1004,7,JPY,256.78
HYD-1005,17,AUD,252.73
CYL-1006,8,HKD,470.87
PMP-1007,1,AUD,508.48
SLK-1008,4,AUD,110.89
SLK-1009,7,JPY,208.18
SLK-1010,5,AUD,264.53
PMP-1011,20,GBP,718.98
HYD-1012,14,EUR,160.53
SLK-1013,4,AUD,636.36
CYL-1014,15,EUR,402.9
PMP-1015,10,JPY,523.25
HYD-1016,17,HKD,777.56
SLK-1017,15,HKD,409.93
SLK-1018,18,AUD,623.44
CYL-1019,7,HKD,189.3
PMP-1020,16,USD,736.44
SLK-1021,18,USD,898.46
PMP-1022,14,JPY,299.45
SLK-1023,1,GBP,771.68
SLK-1024,1,AUD,842.18
SLK-1025,5,AUD,503.86
SLK-1026,16,JPY,638.19
CYL-1027,16,HKD,82.16
CYL-1028,13,EUR,784.5
SLK-1029,12,HKD,687.91
CYL-1030,7,JPY,140.11
HYD-1031,4,JPY,843.48
HYD-1032,16,HKD,510.98
HYD-1033,1,EUR,196.25
SLK-1034,8,USD,562.39
CYL-1035,8,AUD,232.25
PMP-1036,6,JPY,564.74
HYD-1037,12,HKD,538.55
HYD-1038,5,USD,568.38
CYL-1039,11,JPY,651.3
SLK-1040,14,AUD,548.38
HYD-1041,6,USD,331.24
CYL-1042,18,GBP,187.03
HYD-1043,1,AUD,868.93
HYD-1044,20,JPY,153.96
SLK-1045,2,GBP,610.71
PMP-1046,10,EUR,684.97
SLK-1047,3,USD,255.34
SLK-1048,6,GBP,628.96
SLK-1049,11,HKD,651.67
SLK-1050,4,GBP,872.27
CYL-1051,3,JPY,75.92
CYL-1052,9,GBP,357.8
PMP-1053,13,JPY,587.18
SLK-1054,16,HKD,59.97
HYD-1055,9,EUR,870.9
PMP-1056,7,GBP,689.46
CYL-1057,16,GBP,575.34
PMP-1058,8,USD,565.35
SLK-1059,15,HKD,411.58
PMP-1060,3,JPY,350.0
CYL-1061,8,HKD,760.64
PMP-1062,1,EUR,689.82
PMP-1063,17,HKD,800.46
HYD-1064,15,AUD,595.52
PMP-1065,9,HKD,705.63
HYD-1066,17,AUD,138.17
HYD-1067,1,USD,527.71
SLK-1068,12,USD,743.15
PMP-1069,14,AUD,478.61
CYL-1070,16,GBP,443.55
PMP-1071,4,EUR,234.16
SLK-1072,9,JPY,331.65
PMP-1073,10,JPY,317.35
SLK-1074,16,USD,621.01
PMP-1075,18,GBP,554.24
PMP-1076,11,GBP,459.03
SLK-1077,15,JPY,230.84
HYD-1078,11,HKD,498.3
HYD-1079,12,HKD,843.01
CYL-1080,5,AUD,787.89
CYL-1081,18,JPY,687.04
HYD-1082,13,GBP,133.78
HYD-1083,16,USD,424.67
SLK-1084,20,JPY,476.13
HYD-1085,8,GBP,263.5
PMP-1086,10,HKD,731.85
CYL-1087,20,JPY,746.99
PMP-1088,20,EUR,474.89
HYD-1089,12,JPY,328.37
CYL-1090,4,HKD,718.27
CYL-1091,6,EUR,164.48
PMP-1092,14,HKD,830.32
CYL-1093,4,AUD,438.67
SLK-1094,12,HKD,102.8
PMP-1095,10,GBP,559.23
CYL-1096,7,HKD,759.26
PMP-1097,15,HKD,138.32
SLK-1098,1,USD,349.54
HYD-1099,14,HKD,837.94
PMP-1100,20,JPY,70.87
HYD-1101,4,AUD,766.82
CYL-1102,6,USD,879.97
HYD-1103,14,GBP,490.98
SLK-1104,6,HKD,102.31
HYD-1105,10,JPY,371.49
HYD-1106,3,USD,780.86
PMP-1107,17,HKD,851.06
PMP-1108,9,USD,170.02
PMP-1109,6,HKD,549.64
CYL-1110,9,HKD,459.73
PMP-1111,18,USD,578.74
CYL-1112,6,HKD,509.79
HYD-1113,19,HKD,438.71
HYD-1114,14,HKD,686.07
SLK-1115,3,HKD,464.6
CYL-1116,6,AUD,261.33
PMP-1117,14,JPY,504.6
CYL-1118,14,EUR,215.65
PMP-1119,7,GBP,603.26
SLK-1120,11,USD,166.25
CYL-1121,13,EUR,776.85
HYD-1122,17,EUR,593.73
CYL-1123,5,USD,879.92
PMP-1124,8,USD,842.91
PMP-1125,19,JPY,395.96
SLK-1126,10,EUR,816.61
CYL-1127,10,HKD,791.92
HYD-1128,5,GBP,50.43
HYD-1129,17,EUR,587.05
CYL-1130,18,USD,343.07
SLK-1131,2,USD,433.13
HYD-1132,4,AUD,206.28
SLK-1133,10,JPY,444.55
SLK-1134,18,EUR,624.62
PMP-1135,16,GBP,750.79
PMP-1136,18,JPY,185.35
SLK-1137,4,AUD,371.54
HYD-1138,19,AUD,804.1
CYL-1139,15,HKD,737.54
SLK-1140,11,AUD,502.19
SLK-1141,3,HKD,542.03
PMP-1142,20,JPY,559.26
PMP-1143,5,EUR,141.83
PMP-1144,15,JPY,178.34
SLK-1145,12,AUD,234.08
HYD-1146,10,GBP,786.91
PMP-1147,11,GBP,876.17
HYD-1148,9,EUR,342.25
HYD-1149,12,JPY,560.15
HYD-1150,9,AUD,66.39
PMP-1151,18,USD,461.3
PMP-1152,13,AUD,68.69
SLK-1153,8,EUR,560.39
SLK-1154,3,EUR,347.55
CYL-1155,16,GBP,331.71
HYD-1156,2,EUR,400.04
HYD-1157,8,HKD,182.91
PMP-1158,13,AUD,77.68
PMP-1159,18,USD,194.28
HYD-1160,1,AUD,730.42
PMP-1161,20,USD,594.95
SLK-1162,6,HKD,462.19
SLK-1163,6,AUD,241.89
PMP-1164,7,USD,799.66
SLK-1165,17,EUR,353.05
SLK-1166,17,EUR,225.72
PMP-1167,18,GBP,105.94
CYL-1168,5,HKD,585.21
HYD-1169,18,EUR,275.92
HYD-1170,16,HKD,545.52
HYD-1171,5,EUR,316.05
CYL-1172,13,USD,355.46
PMP-1173,2,AUD,522.1
PMP-1174,18,EUR,515.99
HYD-1175,20,AUD,674.71
HYD-1176,5,HKD,603.4
CYL-1177,7,JPY,227.18
PMP-1178,5,GBP,721.31
CYL-1179,10,AUD,68.61
SLK-1180,16,USD,833.65
SLK-1181,7,EUR,431.66
PMP-1182,6,EUR,817.33
PMP-1183,7,JPY,396.31
HYD-1184,5,JPY,319.72
PMP-1185,14,HKD,876.61
SLK-1186,16,AUD,609.9
PMP-1187,11,AUD,841.46
SLK-1188,1,AUD,518.91
HYD-1189,16,EUR,198.61
SLK-1190,16,USD,402.51
HYD-1191,3,EUR,735.93
SLK-1192,5,USD,718.43
CYL-1193,5,HKD,718.6
PMP-1194,17,EUR,161.19
SLK-1195,2,EUR,568.1
PMP-1196,17,JPY,694.52
SLK-1197,15,AUD,103.48
PMP-1198,13,JPY,117.64
CYL-1199,8,EUR,342.96